IndexmaxX,IndexmaxY,Indexmax_2X,Indexmax_2Y,Indexmin_2X,Indexmin_2Y,IndexminX,IndexminY,RingmaxX,RingmaxY,Ringmax_2X,Ringmax_2Y,Ringmin_2X,Ringmin_2Y,RingminX,RingminY,LittlemaxX,LittlemaxY,Littlemax_2X,Littlemax_2Y,Littlemin_2X,Littlemin_2Y,LittleminX,LittleminY,MiddlemaxX,MiddlemaxY,Middlemax_2X,Middlemax_2Y,Middlemin_2X,Middlemin_2Y,MiddleminX,MiddleminY,ThumbmaxX,ThumbmaxY,Thumbmax_2X,Thumbmax_2Y,Thumbmin_2X,Thumbmin_2Y,ThumbminX,ThumbminY,WristX, WristY 
1.0, 1.0, 0.862197995147552, 0.9516052256846205, 0.6913587564168149, 0.928793207276303, 0.41430637786755836, 0.9601284362268502, 0.49049257392080603, 0.22277759241133918, 0.6045400637696604, 0.18069357783531148, 0.6918522874771432, 0.3112478616256642, 0.42540248292349925, 0.5688295312461352, 0.4123184431962629, 0.06265859557075729, 0.514583909966738, 0.0, 0.6290821569052821, 0.10245318039171938, 0.4092736270082907, 0.2767342853147884, 0.5222830328701661, 0.4248647568146564, 0.6284455344454182, 0.3828345013101565, 0.7111521715654372, 0.5297620820358384, 0.43615812251807873, 0.792946305035534, 0.5263308315355798, 0.7035320971943823, 0.41427683889231914, 0.825834237310209, 0.24814388780099783, 0.8673814183409799, 0.09939328095727763, 0.8025499971984709, 0.0, 0.6132042375272644
1.0, 1.0, 0.8717357012102291, 0.9620281381298454, 0.7076216190437759, 0.9438614289366727, 0.4452608834416144, 0.9720325733415879, 0.4947350078688741, 0.2344297323491753, 0.6149923145495299, 0.1755680999506829, 0.7085057209832974, 0.30033600631832125, 0.4590699320965689, 0.5750496434043693, 0.4227353600422608, 0.06704540423256888, 0.5262360001907606, 0.0, 0.6409311684452645, 0.09513874688505072, 0.44827985311435, 0.28764561915991, 0.5330298283521587, 0.43155685145521266, 0.6439050159028294, 0.37648728670739146, 0.7273398436496902, 0.5266305929286909, 0.4685094628255311, 0.8046930324179941, 0.5481296291540869, 0.6547977192825757, 0.43814606391213273, 0.7856858595570879, 0.27092166710076926, 0.8456889255603581, 0.12582641520508597, 0.7965407395824349, 0.0, 0.6135069984467801
1.0, 1.0, 0.8829522169814282, 0.9649993449412894, 0.7203022169313869, 0.9486465539965684, 0.46921970904509935, 0.9835877539273269, 0.509781762443211, 0.21526097381185766, 0.6227658248227422, 0.1580235747474604, 0.7105579854921971, 0.3037746640127581, 0.47377510858288113, 0.5930493798514463, 0.44037915685439416, 0.05924151041280274, 0.5461055874066149, 0.0, 0.6526865420552415, 0.10319068837988986, 0.46247031525042553, 0.3006117038208601, 0.5549270565602694, 0.3991948828602441, 0.6591793602587883, 0.3451191286088079, 0.735306611925688, 0.5181372340106483, 0.48563163042051194, 0.8190370058187103, 0.5355834406113487, 0.6266549440095802, 0.4432566248136074, 0.7668054128369409, 0.28281281091024923, 0.829895195867816, 0.13506766908263218, 0.777415259342742, 0.0, 0.6020555163572633
1.0, 1.0, 0.8731521089515544, 0.9674474206708107, 0.7130258224602283, 0.9544313367056174, 0.4677345190447836, 0.990092230623376, 0.5183952006288264, 0.21443220921497566, 0.6272368241513097, 0.17598806364636557, 0.7083512842683923, 0.3282992026115695, 0.4750334495315139, 0.5957738625989287, 0.4496463998430503, 0.0655368911853146, 0.5555567790484669, 0.0, 0.6564345648615344, 0.12337814342777005, 0.46240480039890763, 0.3055110138345935, 0.5575806810224596, 0.39973377824217027, 0.6565125625346344, 0.3592402997176049, 0.7299203019776264, 0.5342773813653282, 0.4836910077216779, 0.8255784630641252, 0.540727677914757, 0.5821909135598594, 0.4446628073418017, 0.7567273663624233, 0.2815707740333083, 0.8387993739213337, 0.1329782328682011, 0.7942516529796194, 0.0, 0.6066097372044374
1.0, 1.0, 0.8698761298937416, 0.9716442562377691, 0.7118719665095632, 0.9645034630735135, 0.45289760374357074, 0.9962855258736806, 0.5195904933473469, 0.22270164908644413, 0.6269479125962889, 0.18016215272700833, 0.7069930584385794, 0.3284903854301517, 0.47156758327415305, 0.5922648268222669, 0.43994553072057746, 0.06913423295815256, 0.540565454262478, 0.0, 0.6444332389036496, 0.11110570560440262, 0.45864323657094186, 0.29993229157338824, 0.5564838738178883, 0.4078407587620665, 0.653917858374698, 0.3661908543637987, 0.7269197796238167, 0.5365188459575824, 0.47669491917038415, 0.8262184242300472, 0.553244330614552, 0.6167965012946931, 0.45013162608211205, 0.7832282511739379, 0.2800045914785559, 0.8587874337650937, 0.1278872803105052, 0.7968875508180744, 0.0, 0.5870007840063768
1.0, 1.0, 0.8683541373801561, 0.9339520776366754, 0.687042546197409, 0.8457215363705723, 0.4198707040577931, 0.7158005754126749, 0.531286291121309, 0.19168228006724505, 0.6507182575674956, 0.15403915667511978, 0.7520481727878559, 0.24699904894913163, 0.47631795224428336, 0.438861656071871, 0.4824971862209353, 0.05782859524825257, 0.5968293686248466, 0.0, 0.7079352004898022, 0.08996526761431689, 0.48744717299755264, 0.2209671946231055, 0.5526834951185735, 0.34081833414065393, 0.6708106383540803, 0.30194280982230515, 0.7634705045990566, 0.40867869285400743, 0.46300921998299394, 0.6078279078136212, 0.5398334444071672, 0.5181979887455992, 0.41783276451337614, 0.5962228156963842, 0.2444731050524934, 0.5825733527621622, 0.09654211204661288, 0.4619399325596738, 0.0, 0.24700522589799387
1.0, 1.0, 0.8667685147733104, 0.9329545787609624, 0.6839887986482331, 0.8417298870469581, 0.4238180042233015, 0.7156027528887826, 0.5313116969155544, 0.19195838346999286, 0.6473335680689696, 0.15180198877836598, 0.7443302129013422, 0.24736747880793705, 0.47449471214330124, 0.44621600576053383, 0.48120892732604104, 0.06071572573458293, 0.5942666305833375, 0.0, 0.7024952786127706, 0.09513396489021161, 0.4850451090114235, 0.22893151286099386, 0.5535176881061781, 0.33490628438437464, 0.6696842805692242, 0.29824308470567173, 0.7591270938273258, 0.4105614144043448, 0.4633557302169753, 0.6120751388445503, 0.5375789444074235, 0.5204333787764885, 0.42010452525687547, 0.5959710721706487, 0.24738410412950423, 0.582790444738245, 0.1002230958526481, 0.4710923705404778, 0.0, 0.2670982182111134
1.0, 1.0, 0.8608118769095194, 0.9296878617700927, 0.6756119858500649, 0.8419993820467824, 0.42222065240583784, 0.7209973158156104, 0.5274326055660292, 0.1951510632148577, 0.6418178653628238, 0.15162787559819307, 0.7391891639237177, 0.2454671454872649, 0.46957682997275907, 0.45244694304770694, 0.4742931537651853, 0.06206258253348045, 0.5860234214462917, 0.0, 0.6969134090353192, 0.08851261694405367, 0.48105240190580423, 0.22894607839223582, 0.5484934806253712, 0.344874181850698, 0.665231216284954, 0.3030621418226586, 0.7548259485893914, 0.41479191583062014, 0.4590151674459745, 0.6191711602670452, 0.540262802682497, 0.5218467220535847, 0.4209833137084869, 0.6027375167861323, 0.24456236913690446, 0.5945945460439018, 0.09462976308900801, 0.4822084961381916, 0.0, 0.27303532393043795
1.0, 1.0, 0.8674056171896622, 0.9372040204112194, 0.6864392176931791, 0.8521221162872706, 0.4222002866349064, 0.7244807425072178, 0.5304037874429669, 0.1980517075637126, 0.6469865926800157, 0.15665522333023632, 0.74441385194382, 0.24487143153884428, 0.4768670159149284, 0.45014379314398156, 0.4804389886336997, 0.05925287948588718, 0.5906575352804769, 0.0, 0.7012390574456517, 0.08446257111158702, 0.48415240605149923, 0.21666390244609368, 0.5515935773378301, 0.35565917804425223, 0.6689168262821003, 0.311196824313118, 0.7590117353928234, 0.41816632342024795, 0.4654250526135696, 0.622470536897514, 0.5340400360961601, 0.5300347325656851, 0.4245161024390882, 0.6028903951654587, 0.2457673638425377, 0.5917446150031158, 0.09503182788052883, 0.4738799270889859, 0.0, 0.270476030987181
1.0, 1.0, 0.8648468752043172, 0.9371113310982568, 0.6798927143834252, 0.8517205773670755, 0.4266210632231658, 0.7379049735948411, 0.528683652993939, 0.20244839795835487, 0.6439549927958574, 0.15709119450071451, 0.7426377896480283, 0.24660637213944112, 0.47346747345070656, 0.45559936534333945, 0.4719675393005603, 0.06273285956572822, 0.5829345654780783, 0.0, 0.6955271369776247, 0.08309543090629969, 0.4799991607187919, 0.22284936876109263, 0.5495757602098653, 0.35587817358486923, 0.6679089777049069, 0.31200869798079145, 0.7568866488906407, 0.4200294007190953, 0.4648137910388372, 0.630291184528917, 0.5405890817383088, 0.5255408694924918, 0.4270780780685142, 0.6059183824457763, 0.24695081456175377, 0.5980332237775903, 0.0950159060649495, 0.4755763337078119, 0.0, 0.2649810173967658
1.0, 1.0, 0.8232306490402129, 0.969446922688132, 0.5951912782459424, 0.9405781620277945, 0.21737435432850788, 0.8339751206560166, 0.4344804851075153, 0.29648507252696843, 0.5621515263150149, 0.31219235883012675, 0.6706687846295238, 0.34561397542738037, 0.2604863655225757, 0.2718897819456724, 0.43147957396756814, 0.08362072069549076, 0.5418391758544033, 0.09689888365679414, 0.6389621689099543, 0.10851340051929763, 0.3314908433108027, 0.0, 0.45742132383808787, 0.5437292210935656, 0.5895220443804164, 0.5559385164410909, 0.697266192065489, 0.6151933230113928, 0.2409378993285185, 0.5540528285984432, 0.5892128879987646, 0.7392899865174652, 0.39379925440736396, 0.7661133626455107, 0.16283820203376864, 0.6566937917661854, 0.037934190989665814, 0.40495379798068704, 0.0, 0.09697989888765754
1.0, 1.0, 0.8497489276604422, 0.9700019498377166, 0.6324953416344903, 0.9556567635672822, 0.22390377031686307, 0.8555407211420633, 0.4472678190553019, 0.30637874514402397, 0.5761091757074843, 0.3162860195281664, 0.6884565072082157, 0.34934727828381784, 0.2623818770246207, 0.274012454588415, 0.44424556055449704, 0.08267278067169201, 0.5613807937827477, 0.09681045817124179, 0.6587929412561989, 0.12349920043113079, 0.3323133527452789, 0.0, 0.48388470684016566, 0.5665531066737258, 0.6119486942369374, 0.578500940390482, 0.7258914864847, 0.625164686814087, 0.25305253426783775, 0.5561353539429374, 0.5925949956322363, 0.7876457469841833, 0.41293289598462035, 0.8015616981461647, 0.17756976683936643, 0.6898190713085443, 0.03619720563407333, 0.43190801098950204, 0.0, 0.11491280569460938
1.0, 0.9934634877106837, 0.8429420916189889, 1.0, 0.6219669368957392, 0.9984265003299078, 0.24725825408612828, 0.9437733414279347, 0.43472790978380355, 0.28395707590229863, 0.5541811536026008, 0.2792629370669074, 0.6491053433710925, 0.3091557809282918, 0.2685309276103629, 0.3456455627106533, 0.4100506511096722, 0.0233397043848326, 0.5166803115308745, 0.02753746085007103, 0.6134446162490915, 0.04084813254382582, 0.3126783111647219, 0.0, 0.4822496035328178, 0.5611298538713567, 0.6094619538124649, 0.5517553645997451, 0.6878393747191444, 0.5963863850102257, 0.26280880256211714, 0.6365426643485934, 0.6616894217562803, 0.8586960797553451, 0.4753388298492038, 0.8848031969620102, 0.21642170635037, 0.7982148889567494, 0.05064524489030876, 0.46185662417000933, 0.0, 0.09054841735537693
1.0, 0.9879820982076495, 0.8568036932061703, 0.990630287400766, 0.644550130298417, 1.0, 0.25133782309918884, 0.9751474417540349, 0.4554847333098496, 0.30216289662291157, 0.5761195635846239, 0.2917405058534084, 0.6672320417455101, 0.3104431854433942, 0.26738808066047043, 0.3608748628303138, 0.43190712821762395, 0.04157556817897116, 0.5444022355486724, 0.04415110128258876, 0.6237961648714678, 0.04052790077349506, 0.3172963477449958, 0.0, 0.5046819078274641, 0.5715645779015252, 0.6298090267294792, 0.5535183084994263, 0.7215523075052513, 0.6101457965529279, 0.2628059594229719, 0.6517067500012527, 0.6273516277060223, 0.8927203609086855, 0.45910502040894896, 0.899905797621891, 0.20239632601076907, 0.7889612016482076, 0.027674531517179007, 0.4905434341443535, 0.0, 0.1406442340294399
1.0, 0.9862616872629284, 0.849980655794303, 0.9998802725685183, 0.6290890072048395, 1.0, 0.2614276226524781, 0.9702165713425832, 0.4673898483542143, 0.32216396671741415, 0.5726095403657668, 0.3124307825786747, 0.6466902851543318, 0.3152800494326683, 0.28264777187653456, 0.34064053355791796, 0.4331810903021205, 0.0661092233994964, 0.5309074561036232, 0.057550352150357975, 0.5991433035287542, 0.03153505738101164, 0.31994318214600764, 0.0, 0.5103643930636559, 0.5857726089058348, 0.6252583710666197, 0.5797727064918919, 0.693618657638435, 0.6077130707503015, 0.2750917582768016, 0.6426960321427151, 0.5766096819581794, 0.826363652391904, 0.43879363888289824, 0.8736367166310013, 0.21914762927051995, 0.8143982897018418, 0.03920987067529133, 0.5326849737563211, 0.0, 0.12910676365682017
1.0, 1.0, 0.8395876741758184, 0.9766913456897035, 0.6116416959929679, 0.9631345696584607, 0.21330145155075073, 0.8605784862087509, 0.43487491214560203, 0.3107341192224233, 0.5644737669413472, 0.3256069033829838, 0.6809542248238398, 0.3632474883167723, 0.2575724421374905, 0.2871374913685349, 0.4346964019694326, 0.08315416699781904, 0.5461997409034514, 0.1012221844909216, 0.6456874929576413, 0.11462620036283978, 0.32832363536985376, 0.0, 0.468864837137089, 0.5693512200341508, 0.6009222143852745, 0.5833294627211882, 0.716939666361835, 0.6392149091163065, 0.24440190842474652, 0.5649645262697586, 0.5672180301814486, 0.7648353682431583, 0.4059852112022839, 0.8096893979976721, 0.17929580770329773, 0.7312560015991649, 0.038833511480367615, 0.46815587178743495, 0.0, 0.14396716069439813
1.0, 1.0, 0.8595134966825504, 0.9658805980161216, 0.64394044089334, 0.9440978448639475, 0.23122626326346385, 0.8636318207889506, 0.4569581875894536, 0.30184338276372236, 0.5873138039514034, 0.3241953007985587, 0.6947406907999515, 0.35076954141233524, 0.2706198215614562, 0.2775874726809326, 0.4538346658525063, 0.07996800480266748, 0.5648893647139512, 0.10192658924894966, 0.6584712760518238, 0.11542697699252598, 0.3454246927816692, 0.0, 0.4993694039752189, 0.5571673612398037, 0.6295678571223151, 0.5753847029484435, 0.7399060720497737, 0.6182529822715302, 0.258293468648115, 0.5601934211992914, 0.563835236365858, 0.7688363932156901, 0.4013547438029736, 0.7958060001497446, 0.17119520059917892, 0.7087569743872415, 0.03393233089836577, 0.4507707949302316, 0.0, 0.1327533046289028
1.0, 1.0, 0.8468523504945558, 0.9672914475012531, 0.634136681381173, 0.9383038054812224, 0.24550325779080687, 0.84935553992302, 0.4595703493924792, 0.3072523541778251, 0.5802643951562305, 0.3185704746646748, 0.6821520662166054, 0.3486795469920421, 0.29243175390161497, 0.28483689374254023, 0.4504666425725658, 0.09191346616344434, 0.5598103614365806, 0.10394516283323114, 0.6476799548434672, 0.11461981759819762, 0.35039841527465726, 0.0, 0.4971783802482636, 0.5592256434404417, 0.6174150214775169, 0.5727623555362152, 0.7224069092562192, 0.619754229127054, 0.2831362084938931, 0.5550817107087325, 0.5747798169290698, 0.770680142256822, 0.40511458484935214, 0.8017104255940934, 0.1782453271968578, 0.7062226741950022, 0.03949412415067926, 0.4530200923772738, 0.0, 0.13332717619668952
1.0, 1.0, 0.8223863364522124, 0.9700503752441657, 0.6070231801931076, 0.9369140879339296, 0.20660535461138838, 0.8363349439703917, 0.42177596933794764, 0.28665056029608305, 0.5529051178779145, 0.30609848874267503, 0.6609028435277403, 0.3480658647750248, 0.24124953629083, 0.27459271443747646, 0.4054372742930391, 0.059812206572769956, 0.5239754912105686, 0.0768188204653713, 0.6211041054440484, 0.09744011514341523, 0.30407946811932707, 0.0, 0.456882609190206, 0.5402251464994345, 0.5867531425608726, 0.5599180973921387, 0.6895768933431192, 0.6121699050752202, 0.2300132665447735, 0.5581258353037936, 0.5422116688682972, 0.7157815016620404, 0.38397359865725805, 0.7615078304376135, 0.15349346744222017, 0.6648990781673007, 0.031613108926600374, 0.4029618587437031, 0.0, 0.1073719200849868
1.0, 1.0, 0.7624162145568131, 0.9723384374040855, 0.5575297456391647, 0.9374637656447158, 0.16075430645820743, 0.8157616887767282, 0.4210437921336327, 0.26749173004126453, 0.5665933379129389, 0.2867302117791495, 0.6619815764947846, 0.3621467789789585, 0.20726133624445733, 0.29931214405074513, 0.4192073611422766, 0.05743136786822631, 0.5483782208094888, 0.07972649456058384, 0.6448866960624111, 0.12876786140572247, 0.29056194581840256, 0.039795041435050985, 0.4827629820115114, 0.5005470108788324, 0.6407012096491095, 0.5214486921529176, 0.6712241313089458, 0.6342672987074992, 0.1859663426526929, 0.5594376428059885, 0.5628619689458694, 0.7437298366470007, 0.3998654683518514, 0.7189359888142414, 0.17126456995989864, 0.6013613886710091, 0.048300526975849696, 0.31150086962452683, 0.0, 0.0
1.0, 1.0, 0.828635683064126, 0.977584155389037, 0.600279306881152, 0.959680297517671, 0.15982575329431944, 0.8382493070752299, 0.4813258566543494, 0.2846730580051479, 0.621336768636743, 0.3110290905699828, 0.7043799639289309, 0.4007043887923231, 0.19585398337671708, 0.3323307864739963, 0.4772366904434668, 0.08647028013582939, 0.602764356094806, 0.10564990488717929, 0.6858476111853474, 0.15503459890997132, 0.2957050433465227, 0.09385177825565962, 0.5156147439608656, 0.503374349057391, 0.653964228516807, 0.5233476908233833, 0.7246208958233443, 0.6516700661407473, 0.16883527861350162, 0.585683574755592, 0.5913517220586021, 0.7697274086892381, 0.43158826270909084, 0.7508177318624795, 0.20101316788572723, 0.6369491397075167, 0.03756391957717554, 0.34689360055139495, 0.0, 0.0
1.0, 1.0, 0.82407983834466, 0.990774741525995, 0.6027676183422955, 0.9794581774012476, 0.20648998128163448, 0.8806856773357545, 0.4561975589327468, 0.3800470400006134, 0.5969757819790948, 0.3943906620295441, 0.700997830101979, 0.455993766337327, 0.24290140195089832, 0.42728320035577116, 0.4496607444357251, 0.18889544174598782, 0.5750556254143216, 0.20475403037984066, 0.662051131584747, 0.24141609442759374, 0.32274466164098986, 0.187121378153172, 0.49796056969762825, 0.5830976115155353, 0.6399227883878552, 0.5980325880754046, 0.7331953146071272, 0.6978009023348121, 0.22282438167385388, 0.6612238195432609, 0.5797615911988663, 0.8076883756503782, 0.4282675493124531, 0.793715668051712, 0.19913990483975114, 0.6802596209324808, 0.05389312951639702, 0.4227721652521228, 0.0, 0.0
1.0, 1.0, 0.8409262133521966, 0.9889463044506065, 0.6329816494859521, 0.9915127655282586, 0.23374293484606035, 0.9131183968416201, 0.45960534719694524, 0.3011351319432858, 0.589758188024092, 0.30493924866416017, 0.6895741334670247, 0.33746189047044783, 0.2609624061699483, 0.3230289154878951, 0.44954106545611877, 0.05682198723189577, 0.5735273918507785, 0.06186653372007265, 0.655540351214554, 0.0731060955828415, 0.323583878743759, 0.0, 0.49317178196402695, 0.5753973239213909, 0.6294746547260128, 0.5695780042079499, 0.7327057393430351, 0.6161313730051571, 0.25387973957653714, 0.6252935122352743, 0.586527790177805, 0.7726597390183326, 0.44205749644596143, 0.818198967312496, 0.22152236468899586, 0.742230768285738, 0.05793941308572959, 0.4571003507681748, 0.0, 0.0439714518853938
1.0, 0.954690027643173, 0.8543306253670773, 0.9670107760902986, 0.6341268708463093, 1.0, 0.2841265281663553, 0.9870207329883719, 0.41473824764198947, 0.2232718756580621, 0.5065749853765055, 0.18264294376868187, 0.5932819531923021, 0.23563482122823654, 0.2722666729441661, 0.4796035742586189, 0.38720614821474175, 0.005387842278514807, 0.46044743274607924, 0.0, 0.5086496890104922, 0.0182733829879864, 0.30164581732297824, 0.1453625970381677, 0.49219389964125876, 0.45407309758936765, 0.6068821756064914, 0.4104047556157676, 0.6738017599446467, 0.5180978997599227, 0.281565665971672, 0.748447531326292, 0.5935201902559104, 0.7398920646281398, 0.4103739949420439, 0.7271347382540859, 0.19567636232415675, 0.6246602421546825, 0.05101565868599819, 0.36531753537965034, 0.0, 0.023551269301633555
1.0, 0.9524029757372201, 0.858116225769283, 0.969267882701987, 0.6536303905267891, 1.0, 0.2810163772492093, 0.9877793505701548, 0.4311332471136755, 0.261914165558164, 0.530848431441064, 0.20563566966725963, 0.6142866003916854, 0.2862061720164427, 0.2621960830536299, 0.5052828972520719, 0.37699398426854747, 0.04052064342655288, 0.4691034625065914, 0.0, 0.5510212636485455, 0.047393623239692505, 0.280016823196955, 0.19170803145725182, 0.4955837561174734, 0.47285248014964, 0.5985822171878439, 0.43247244014875524, 0.6813227710385478, 0.5473296407819446, 0.27439537575544676, 0.7596060576379257, 0.583247214218726, 0.7252316796895982, 0.4461330545347843, 0.7800591166313315, 0.23589552974121883, 0.7287017406388135, 0.07396699986681894, 0.4735041533304054, 0.0, 0.06722581542087819
1.0, 1.0, 0.827485186129874, 0.9916980023947677, 0.5883938377119657, 0.9627987840511506, 0.23068086754146805, 0.9003713582979985, 0.47791864408870305, 0.4018416709430376, 0.5985259918387701, 0.39111308826371166, 0.6618383868553361, 0.4730752098340768, 0.21722386906437485, 0.5781087173164123, 0.41438950907951144, 0.2545549917946221, 0.5322729813775412, 0.25949252175111115, 0.5979760361339048, 0.32714616898466403, 0.25496658371516134, 0.38026774460403723, 0.5676937587252164, 0.5972601452156313, 0.6966218076555913, 0.5803943135067351, 0.7145608305899425, 0.659273069488546, 0.22408756648124825, 0.7534267888220043, 0.686641547735001, 0.8808921239464511, 0.5607716472371598, 0.7701927898927025, 0.39169418868097416, 0.6393387592160902, 0.18885718552546893, 0.4621633124156037, 0.0, 0.0
1.0, 0.992163941395659, 0.7996380782804574, 1.0, 0.5797394335101024, 0.9789796047657592, 0.103474172231487, 0.895076825018274, 0.31255231979056364, 0.3343154535359704, 0.4567983693992757, 0.3099939895787206, 0.5894940764970474, 0.3620302810748267, 0.16647008191587012, 0.5603516723538952, 0.38440125962858007, 0.31678747002427, 0.39450886917801664, 0.1517674787006299, 0.4695305068380722, 0.15988235139000237, 0.19854183368272735, 0.2807989068686991, 0.4055128518412136, 0.6280912747913798, 0.5618519836387376, 0.6304208356125661, 0.6481726478065343, 0.6452304621914272, 0.14106935054628839, 0.7668336013743251, 0.6748782598796103, 0.8409881788616475, 0.4750956606071692, 0.8177697510193437, 0.20019520337018762, 0.7940843819412085, 0.03351924810977117, 0.555750757573565, 0.0, 0.0
1.0, 0.9840891136517776, 0.7976859911062464, 1.0, 0.5927697525723353, 0.9970545185950507, 0.20173332863054008, 0.9435691077910249, 0.41352575995405233, 0.2526709474329752, 0.5475397261550982, 0.24690648927316092, 0.6414926196516122, 0.3289770418605775, 0.20977612175500424, 0.3608871789991707, 0.3831297876305641, 0.000247344912851513, 0.5018440606419453, 0.0, 0.5920959288487194, 0.06384557520720328, 0.2685642698088416, 0.050473467254554545, 0.48879990946862323, 0.5124797781372775, 0.6168519121429589, 0.5023779097957648, 0.6886418236660562, 0.6036677285504757, 0.21310285266902157, 0.6650783724629209, 0.56491086421099, 0.7593152737560628, 0.4127688813564253, 0.7930089376479349, 0.18015329489712262, 0.7402855757509845, 0.04892127594497012, 0.4766914238155011, 0.0, 0.0945586384927594
1.0, 1.0, 0.8499422306375058, 0.9925648583026536, 0.648598346402168, 0.9876970182709253, 0.2826458390115264, 0.9651578801996712, 0.4511017271746949, 0.27834783022679993, 0.5595655555413998, 0.25851606422621526, 0.6271939672716622, 0.24623983751833015, 0.27126591161335406, 0.3291654518706678, 0.41656456658765, 0.029300682764533386, 0.5104626652469251, 0.018373617345752383, 0.5811104457862388, 0.0, 0.3011550116698605, 0.015362497093342368, 0.5281152208811888, 0.5770782651257348, 0.6500740076752355, 0.5421039440442339, 0.6746197086574215, 0.5455222914573972, 0.2736578408552561, 0.6377562924465461, 0.6107356088229492, 0.8125381898418267, 0.45919569759091927, 0.8415126974215635, 0.22283140647280503, 0.7852626261076283, 0.055163941784507356, 0.5117751602448714, 0.0, 0.13619604190937995
1.0, 0.8713995277619756, 0.8925257510709866, 0.9176984736225249, 0.7157535043450105, 0.9536308010226112, 0.4551377976279291, 1.0, 0.5063048434085895, 0.32740651194988385, 0.5841857208531714, 0.28536387687541553, 0.654220956566196, 0.2509732626918253, 0.44486694814396277, 0.35602865984468923, 0.45922626039353626, 0.09941415754518475, 0.5293274899428417, 0.05388713922454267, 0.586765001864786, 0.0, 0.42977434183308527, 0.028966131143720743, 0.5561088929849473, 0.5837010198696376, 0.6461754928602426, 0.5311028539900343, 0.7177674995080041, 0.5334627589941124, 0.4704420574774763, 0.6666275419633861, 0.531909663114612, 0.8210893002789563, 0.40178270122763, 0.9187972495048012, 0.2186269311906458, 0.8843672250361546, 0.07021809911196222, 0.6333399873887088, 0.0, 0.2682945113467351
1.0, 0.8049431269826729, 0.9041813881596228, 0.8392808370208297, 0.74037913366813, 0.8932410695834283, 0.4636770991063615, 1.0, 0.46613844800060034, 0.3602713372349423, 0.5463997855170769, 0.29873045023318046, 0.6278470126716802, 0.24965241308196576, 0.44319924519440845, 0.3904149951318657, 0.37550730900186763, 0.0814054314317428, 0.4562969862244348, 0.045123450346095585, 0.5384044867116209, 0.0, 0.4264545682320773, 0.041953730354361826, 0.69068645428984, 0.5463252510231604, 0.7425006626941331, 0.49955963091659406, 0.7179607055665097, 0.511956436057003, 0.4788182983467143, 0.6780465253025807, 0.5361824944654449, 0.7544248890555394, 0.4057307004707247, 0.8952573506697147, 0.23290097836651646, 0.9436936888953277, 0.07934839313315734, 0.8193221256170387, 0.0, 0.4714007230830523
1.0, 0.9702670558569434, 0.8330673613567159, 0.9803606518469541, 0.6011612932510842, 1.0, 0.1904445055437884, 0.9516475692226267, 0.4248766025422259, 0.24863313912996335, 0.5597470487160442, 0.23438313353778586, 0.6434461894793015, 0.3249563146678455, 0.18071189929450915, 0.4032213975287504, 0.3773131919895019, 0.0004902159642070312, 0.49867748208803314, 0.0, 0.5896084923212055, 0.071488501156159, 0.23753883951576155, 0.09517923971408998, 0.49513909866780076, 0.4771416428414631, 0.6341581214358115, 0.46912606208719776, 0.6869435996757585, 0.6032632535553927, 0.1876430271108844, 0.677785179251088, 0.7283995510733613, 0.809225235089454, 0.5031630635315277, 0.7637841487739103, 0.21254931019948023, 0.6572499453103999, 0.0371315862401188, 0.3839168217627074, 0.0, 0.0911248162637961
1.0, 0.9878164275989977, 0.8579346557759626, 0.9790524399663558, 0.6271467033210327, 1.0, 0.21941113426262296, 0.9549936752845026, 0.4069595066129407, 0.27778837377716686, 0.5327435206776401, 0.260387185125263, 0.61346679996283, 0.32838171320502674, 0.2075392887947029, 0.42403983803466866, 0.3596188399117651, 0.03761287479694046, 0.4703696162080817, 0.0, 0.5273389142266629, 0.03541804140624258, 0.24281953192091787, 0.1250338889290806, 0.4707182401413954, 0.5401153575492111, 0.6115671425372962, 0.5057419355310167, 0.6682860425071736, 0.6000496185074841, 0.2146330686327643, 0.6910546380881601, 0.5533683059059639, 0.7417670911643249, 0.3894006162972646, 0.7760250533271073, 0.18623339280936632, 0.7629422824951898, 0.05276756886881824, 0.5282821838866272, 0.0, 0.12297680353044084
1.0, 0.9852928300785476, 0.8689773164524736, 0.9897343001246228, 0.6555286531465693, 1.0, 0.2703266259694346, 0.9696188688676096, 0.4525399022651267, 0.3317486275555645, 0.5713768654949425, 0.31540442033616295, 0.6474902620672938, 0.38996241187925507, 0.27381737468592776, 0.5401783632646147, 0.4132346046561487, 0.12572681269173547, 0.5115758100021637, 0.11819946024733352, 0.5814768158707329, 0.16797310964963041, 0.3052217794093486, 0.2360664811581368, 0.527321256535542, 0.5315725118626499, 0.6478960568472045, 0.523709030038628, 0.7046386530719578, 0.6501718385975153, 0.280611886756914, 0.778947633256681, 0.6658486310859509, 0.79729217928913, 0.494147342942574, 0.8148369923465152, 0.23161319489310694, 0.7030011791364964, 0.05155215361304293, 0.4346760058302681, 0.0, 0.0
1.0, 0.8505073296079452, 0.8380397272284167, 0.898883960899198, 0.6991610501031842, 0.8875102706283688, 0.4183811633648693, 0.9617100936796023, 0.5361203961046379, 0.5040473087010325, 0.617245226404755, 0.4821086729272689, 0.6663852986945076, 0.3731618622352042, 0.4178695750367778, 0.266274196023098, 0.5114777886709488, 0.30016081688957336, 0.5835792148425896, 0.2687093924806812, 0.6402613172092716, 0.1518246228367153, 0.410768468818153, 0.0, 0.7707570570671115, 0.7699006419770081, 0.757190039697168, 0.7137376913778344, 0.7125085589534884, 0.6008460990253478, 0.4227998238772215, 0.5961821941360268, 0.4694971488288514, 0.8095574560101638, 0.37520797647075055, 0.96335446967709, 0.2190147095945469, 1.0, 0.06778287365815322, 0.8350981606792309, 0.0, 0.5064251473736587
1.0, 0.8335795770059102, 0.8689937978370753, 0.8721255742269652, 0.7255882235411828, 0.8741704648237594, 0.44384692840415807, 0.9123963741384213, 0.5647479895892697, 0.4868090180264225, 0.6418584186042211, 0.4613665328694599, 0.6828723276489255, 0.35355926320198067, 0.44347308794530743, 0.2454675864228687, 0.5448323987138391, 0.3217195233184386, 0.6040822585511877, 0.25786198599303634, 0.6365612446113199, 0.12417124425859638, 0.43358657098141595, 0.0, 0.9619717508271881, 0.7344177985503898, 0.8304150256563977, 0.6814907089635353, 0.7329276496520455, 0.5983714315308065, 0.45363404079374386, 0.5538345249448593, 0.49702144045484364, 0.8266775949204405, 0.4087732958142528, 0.9829823393922557, 0.24184241259635392, 1.0, 0.0694239675546992, 0.819294788144415, 0.0, 0.4876508076503781
1.0, 0.7955818961952369, 0.86698217046999, 0.8514051588102383, 0.7057224092357743, 0.8776977560465663, 0.387250118510826, 0.9181653373208195, 0.5492539896171618, 0.5026164569817949, 0.628692826445247, 0.4893899344645179, 0.6687296815143543, 0.3798990336741884, 0.38470274927994613, 0.25779296610085384, 0.522373234508298, 0.33121851005197184, 0.5890744261684688, 0.27500090975555697, 0.640146799328783, 0.1367961386665961, 0.3868958130892796, 0.0, 0.9236539161992342, 0.7603617849734847, 0.8155607425483714, 0.6981824738073105, 0.7146997826569094, 0.5985457143896864, 0.389646245897779, 0.5606863195921649, 0.5190925991601455, 0.8752768138044654, 0.41076348823275677, 1.0, 0.22293070623777295, 0.9990872670612249, 0.0640148511500601, 0.8090919316260805, 0.0, 0.46920824800928945
1.0, 0.8271260914354635, 0.8706899850576074, 0.8693685556452447, 0.7060967099041874, 0.8945284851057086, 0.37421988541369444, 0.9338124389729594, 0.5449590425836929, 0.5010788439144876, 0.6233264503101382, 0.47933239943213796, 0.6717158768925201, 0.3717092406523698, 0.3769931282001662, 0.25516454971949387, 0.530491133908452, 0.3531728017170172, 0.5986072076732857, 0.28547593368853813, 0.6453020982208061, 0.1439257696290496, 0.38859563228912786, 0.0, 0.8848026915842142, 0.7705195239521481, 0.8164847122305259, 0.7126192167855085, 0.706973511066943, 0.6088799632528236, 0.3761550533797237, 0.5702826685219334, 0.5770181336959743, 0.911316545496792, 0.4365587243611791, 0.9843210032408968, 0.25169709289277387, 1.0, 0.07875288996765949, 0.8424300279230189, 0.0, 0.48420683986370233
1.0, 0.8622298618204707, 0.853001743164237, 0.8831121465167077, 0.6889441060905604, 0.8909845924890718, 0.3702609298617115, 0.9237132181348298, 0.5332126535945603, 0.5130458438125922, 0.6124553910360937, 0.4847128394146373, 0.6649044465540419, 0.37958264768087224, 0.38076564938556573, 0.24532800635823196, 0.5161580933722207, 0.35312257465721825, 0.590315153915988, 0.2921442897262813, 0.641281213944462, 0.16130079717933468, 0.390633566386691, 0.0, 0.7656181115111724, 0.7522863231336696, 0.7519594204009737, 0.7029903559703105, 0.6995809837158576, 0.6035322992316248, 0.37543594518767964, 0.5526457739360496, 0.5332320457502427, 0.8847000376053149, 0.4168055783945828, 1.0, 0.24072738294564155, 0.9943525351583024, 0.07269648373138254, 0.8397076786852542, 0.0, 0.473552928813939
1.0, 0.8971269032816277, 0.8548155497781683, 0.928640162698802, 0.6872918728564947, 0.9414701763462344, 0.3741632111229131, 0.9677902755354164, 0.5588908574441399, 0.538142700407639, 0.62975065927731, 0.5098088467473619, 0.6721662360732491, 0.3912931165205291, 0.38234023571732706, 0.25272654291805297, 0.548701882962712, 0.38865247214764204, 0.6096487518304347, 0.3008950218091322, 0.6465459323401777, 0.1439449107564959, 0.3891565249990997, 0.0, 0.6955408120743104, 0.7648427869305765, 0.7305707570469001, 0.7195390200608337, 0.6975411449836978, 0.6334784896841467, 0.3815420940354509, 0.5802652775423918, 0.5530515006618082, 0.8881827507158212, 0.42757375937178926, 1.0, 0.2446705317273212, 0.9910954517478525, 0.07379773547489181, 0.8412844642267793, 0.0, 0.5008696893202151
1.0, 0.9436552001806879, 0.841562315612803, 0.9627947718323137, 0.6796546798680535, 0.9406789547592627, 0.3127769402758734, 0.9413317883200927, 0.4455439988709857, 0.4184722044916677, 0.5596267687493108, 0.4179203205247808, 0.6592820602602961, 0.3840483929570964, 0.31146204825750506, 0.279558100026514, 0.4305208700704876, 0.17363722958176622, 0.5331179396274758, 0.1632453134052812, 0.6203664190073933, 0.11464770752113755, 0.3131332643691899, 0.0, 0.48350920873325104, 0.6786102736833836, 0.6182949695735699, 0.664659982520401, 0.7011083362723057, 0.6237333673759979, 0.31571324720390803, 0.5938515019689099, 0.5662862415972747, 0.9356409022615458, 0.4035106620866395, 1.0, 0.21059876195614632, 0.9671780267693184, 0.06243541625808638, 0.8085422210874668, 0.0, 0.45356416878614986
1.0, 0.9415371498605659, 0.8435522725654169, 0.9615394786960889, 0.6854756374641064, 0.9382909899721922, 0.32678832696829324, 0.928318442601112, 0.47394627629342667, 0.4183464873068596, 0.5815566077035454, 0.41313660593932, 0.6697956138828908, 0.37769883420072586, 0.33185240402739447, 0.27165392714691994, 0.44942013471759323, 0.1952254924599016, 0.5435413838511017, 0.1774493724972419, 0.6200616862164, 0.11150701315002634, 0.3366775343001375, 0.0, 0.5168891933085001, 0.6752573067214535, 0.6307641100277085, 0.670280308906217, 0.7103386142681203, 0.6232236214971255, 0.33303696416045675, 0.5851297931086205, 0.5790152202778657, 0.9514493053952015, 0.4163194055861854, 1.0, 0.2243449104746957, 0.943784278781348, 0.06830949685615871, 0.7840589234859116, 0.0, 0.434168753737485
1.0, 0.9074608561309941, 0.8275119393069273, 0.9374900218164333, 0.6617361482770555, 0.9159834099544065, 0.3105421045260477, 0.9209033891884082, 0.4330430043992387, 0.42559526856814345, 0.5481507411605743, 0.4195729015097821, 0.6577942302688936, 0.37423241460096934, 0.31575112312794934, 0.2726932809708597, 0.42593050844990465, 0.1758655564669437, 0.5243430713721331, 0.17392964664810773, 0.61511812399016, 0.11728200536745692, 0.3141582733853618, 0.0, 0.4668088468663851, 0.6753450792433683, 0.6101494955410524, 0.6554368728439065, 0.696656457033546, 0.6078343483113215, 0.3197731711870426, 0.5779561115402599, 0.5549126151410183, 0.9459261138496998, 0.3981786594878432, 1.0, 0.21006156446928964, 0.9641403517553829, 0.06683990962686955, 0.8064617294709183, 0.0, 0.4265417976392139
1.0, 0.8952848849948167, 0.8237859877309858, 0.9176438917489407, 0.6719844857859462, 0.8980434339537073, 0.3162577088956819, 0.9116935479245303, 0.43837043967059985, 0.3971010380694287, 0.5547323862732321, 0.3951554465664019, 0.6613713836571693, 0.3680479423113765, 0.3197881005966962, 0.27239695878963405, 0.4217520030900239, 0.15544350729577694, 0.5233431461458754, 0.1555016303123768, 0.6203415612154769, 0.10113901993122365, 0.3233307208312929, 0.0, 0.471045362518392, 0.6546338001401836, 0.6089198297338341, 0.6359984903311214, 0.6971780761227621, 0.6000581994942533, 0.32752398338718575, 0.5786463684777468, 0.7054358502372898, 0.9590366568864495, 0.4654643722376867, 1.0, 0.22930454221149235, 0.9501472768410753, 0.06501686413171508, 0.7768221470106988, 0.0, 0.4146151854793409
1.0, 0.9133469460819394, 0.8289469551720989, 0.9344008365439054, 0.672231242581941, 0.9100220827045391, 0.3089488541951977, 0.911319599713128, 0.4341854834291975, 0.41335327075864303, 0.553953510453757, 0.4158110784570395, 0.659918415046106, 0.3711504280272873, 0.3079657445448736, 0.2724425403121477, 0.415969469551721, 0.16412459383117867, 0.5223930612617548, 0.15875781816286158, 0.6192391490915731, 0.10443727818113031, 0.31110205423171733, 0.0, 0.47207303934994976, 0.667994721003178, 0.6166595453300465, 0.654534659036679, 0.7023009586414681, 0.6027137079509619, 0.31354361362183875, 0.5784066337809032, 0.620542609330777, 0.9458745667117315, 0.4348971788551082, 1.0, 0.2173968045284397, 0.9521919604542881, 0.0672005843147996, 0.7910483975760773, 0.0, 0.42754392871284397
1.0, 0.9847008416683257, 0.8436617378536339, 1.0, 0.694817525988945, 0.9640174424712811, 0.3410242033243963, 0.9590550781963795, 0.47345528728156394, 0.41043237036186137, 0.5843847463832087, 0.4107438722629632, 0.6789084107215081, 0.39282106668552574, 0.33721801945313923, 0.28749377098396584, 0.4544683667903336, 0.15558007417996716, 0.5556245779916549, 0.15213801905230656, 0.6413443796808729, 0.11387029665854936, 0.3387681333143048, 0.0, 0.514660788493507, 0.6860759876592921, 0.6343142917903195, 0.6760903486327642, 0.7162217046401316, 0.6352709269389052, 0.3438054392750792, 0.6131714613567992, 0.5512843437935935, 0.889810903629406, 0.4011277811654397, 0.9895544664344438, 0.21281686939049727, 0.9620593137228851, 0.060894570258008214, 0.8199008017699194, 0.0, 0.45322790779053174
1.0, 0.9029613899363611, 0.8432573085638065, 0.9377048417682542, 0.6787927693066974, 0.9168796671510736, 0.32400979500310395, 0.9058609674689823, 0.4535392244361482, 0.4171780521351972, 0.5662058349282887, 0.41113332527471436, 0.662950693096208, 0.37530157856142976, 0.3148370107585682, 0.2732451435698894, 0.4371359761728295, 0.17644981736551035, 0.5393770531646034, 0.17112845959752918, 0.6227519441831565, 0.1169120033129313, 0.31324850406663446, 0.0, 0.4935886522871344, 0.6618236146261646, 0.6235191850337305, 0.6535794186430938, 0.7073522137062405, 0.6100876622670929, 0.3217768575855386, 0.5779890644286585, 0.5647008735138829, 0.9364030061953493, 0.4117052522608814, 1.0, 0.21604450512821835, 0.957379184587243, 0.0663092992342495, 0.7891037811573982, 0.0, 0.4341873308595661
1.0, 0.9657967916595247, 0.8668251082377847, 0.9783272668609282, 0.7000560961822729, 0.9633006987366277, 0.3365730744640934, 0.9482531584307162, 0.47868230240091086, 0.4144119218786235, 0.5835188612647249, 0.4110321741497696, 0.6748817142809569, 0.38495971929541534, 0.3351702392815095, 0.2893334274392765, 0.46237364363651395, 0.18715332882969177, 0.5588563498495537, 0.16986579820324868, 0.6330767090890457, 0.12648080742899204, 0.327558928982061, 0.0, 0.5103252573778394, 0.6646011756521037, 0.6240309843846487, 0.6579207291866221, 0.7161256141082185, 0.6429441716492402, 0.3450565454684821, 0.6056975771080572, 0.5411517459147251, 0.9161842728803476, 0.39042383048503104, 1.0, 0.20739065766027245, 0.9671507073069904, 0.05605800012229772, 0.8057439578943123, 0.0, 0.45965658052611946
1.0, 0.9486954408759863, 0.8357474288272843, 0.9680765957412851, 0.669574774945044, 0.9554513537960514, 0.31933222633969854, 0.9533019265045093, 0.4440042907253283, 0.4377928928849448, 0.5565323311890956, 0.43438860224981635, 0.6549990775053044, 0.3841645423100418, 0.31530531199445605, 0.2804274435620722, 0.4273120585806632, 0.20135828483123586, 0.5280924947181553, 0.19646651230584034, 0.6176393079489793, 0.1222196996387829, 0.3167138038956276, 0.0, 0.48545144302920257, 0.6874903491233313, 0.6282004659723207, 0.6783256571872947, 0.6955500318373169, 0.6288381561449002, 0.3217574311447709, 0.599501486085381, 0.527222734094279, 0.9223664528145448, 0.3905599261554246, 1.0, 0.21440450154911608, 0.9833955045967101, 0.06606679199094605, 0.8280318515837812, 0.0, 0.44692127557956135
1.0, 0.9376500447443173, 0.8501881128971298, 0.9399502944358396, 0.6901902074000157, 0.9294028931943253, 0.3256358449913773, 0.9076932684918935, 0.46460939304645016, 0.4199441345766319, 0.5768252387027037, 0.4204119425240139, 0.660935081396691, 0.378816213152851, 0.3215775316340561, 0.27148648496633604, 0.4489625433542836, 0.19372563257836267, 0.5466047580314127, 0.18215650154132246, 0.6229736433635148, 0.11581155951110578, 0.3216474435151237, 0.0, 0.5091934836990462, 0.6662229085474253, 0.636486753910036, 0.6618861814730209, 0.7039323150263603, 0.6138920341150691, 0.33003972278940413, 0.5756795725026678, 0.5845931620758578, 0.9544558319087689, 0.4184153316469827, 1.0, 0.22677816232482972, 0.9497474961995453, 0.07163599366113255, 0.7982184507954093, 0.0, 0.44752734795174987
1.0, 0.9352840535831596, 0.7449754373896377, 0.9325706206620776, 0.5052917177588568, 0.9109377052926223, 0.009731783583072385, 0.7381711462111907, 0.38442882660791755, 0.3626600211362143, 0.5233164191012974, 0.40365370883436635, 0.6278719777824093, 0.4449975721915969, 0.09418389736127751, 0.21517837251149638, 0.39385861219333496, 0.1590005998114878, 0.502054849037762, 0.19409756933535174, 0.5761114868882203, 0.1990103110451001, 0.19819451707811064, 0.0, 0.37328462899717807, 0.5699711519236811, 0.5111559450851124, 0.6034843334951873, 0.5879142622969685, 0.6689034874753649, 0.03549735130414547, 0.4627654165833595, 0.910398097132913, 1.0, 0.5234734516668947, 0.8585444574562281, 0.22536562615476874, 0.7329022307274856, 0.051212315380848326, 0.5188949187398246, 0.0, 0.25840193082174173
1.0, 0.9364507441287938, 0.7446964648512034, 0.9373989335724751, 0.5053458854824007, 0.9200522075392484, 0.009455145184310593, 0.7425005926184023, 0.37977889897846284, 0.3755381403491736, 0.5151242675828148, 0.41523786131872586, 0.6196828745231998, 0.4483670864023351, 0.09926137928808268, 0.2142345512236499, 0.39099883613322145, 0.177467934346449, 0.49891560569690707, 0.21492712935645925, 0.5774959615189244, 0.20696205243030666, 0.1959396753807817, 0.0, 0.37855059077576664, 0.5841355339706004, 0.5159735318831571, 0.6175043768082001, 0.5872477273703958, 0.6730862709594135, 0.042683076323480104, 0.4618079573657469, 0.8565992553391423, 1.0, 0.48377919841126343, 0.8611987742081048, 0.20929033832143754, 0.7394155497356779, 0.0508938722622049, 0.5304380235390885, 0.0, 0.2767702154274992
1.0, 0.9369219921313462, 0.7536121463606581, 0.9421619165090244, 0.5118350248688037, 0.9273915904229739, 0.017766878831611307, 0.7452230855620522, 0.40551931643646766, 0.36778755842060074, 0.5400843147356613, 0.4117199651495731, 0.6235332572724605, 0.4532064606091581, 0.10926092426858007, 0.21169593433724257, 0.40568975313818356, 0.1677183979726733, 0.5148937069215104, 0.20781564802563593, 0.5871737440757618, 0.20484973987220553, 0.21089421269281838, 0.0, 0.416186802423113, 0.5758926685038549, 0.5465930344244948, 0.6135796510760544, 0.5908709703173486, 0.674988149877532, 0.04774822970151501, 0.46370441870873474, 0.9171410184882676, 1.0, 0.48836848636462865, 0.8587574632775556, 0.21531646748492636, 0.7207817947624902, 0.04613177130812859, 0.5149136198653183, 0.0, 0.24840616212117336
1.0, 0.9409068853617697, 0.7366969519509043, 0.929904161957037, 0.4924712800878052, 0.9094214097195539, 0.008536660346119353, 0.7241558426988352, 0.40955793378773925, 0.393386978703592, 0.5429494539216984, 0.4326707597205355, 0.6155778944502869, 0.448354597954221, 0.0976598316139876, 0.21205337985465825, 0.4102042250232962, 0.19962135979514162, 0.521951409415948, 0.235680248163595, 0.588510710355098, 0.20718911535624435, 0.2081167092088902, 0.0, 0.43981853780590385, 0.6011836012329647, 0.5670046217706926, 0.6312594134162041, 0.5717275380168506, 0.6692510496747901, 0.03544275927671136, 0.45943585414218363, 0.9611807510055327, 1.0, 0.4657852712811931, 0.8455108697786217, 0.21224860057263256, 0.7183946216262457, 0.051172619943326794, 0.5193100894993254, 0.0, 0.2756747508687689
1.0, 0.9949385709955243, 0.7309523101555928, 0.9673626837372135, 0.4823301416461338, 0.9428924234589254, 0.017320350210351658, 0.7452143625589177, 0.4096171604886629, 0.3963739947575828, 0.5403130470776801, 0.4408005087878842, 0.6296764248399579, 0.4812426074190308, 0.11276480008654967, 0.21569248051924894, 0.4212954026701717, 0.18792133996659593, 0.5309906460163716, 0.22991446895264586, 0.603731849893434, 0.23815760536842542, 0.2244935071785663, 0.0, 0.4278667605408078, 0.6047755330088027, 0.5568905349902086, 0.64095861343414, 0.5733927623171592, 0.6962358017867014, 0.041592897013448295, 0.4629812235873112, 0.703270694015154, 1.0, 0.43337229076591255, 0.8643994103766576, 0.18865569306851687, 0.7162556540242387, 0.03742794596894728, 0.4984317326723846, 0.0, 0.25514761386803614
1.0, 1.0, 0.7492523653781925, 0.9657499060304421, 0.5240410207811784, 0.9052876626802724, 0.04113810512400111, 0.688005430253159, 0.465997442966508, 0.42305181849193485, 0.5949076519131223, 0.4665083228938801, 0.6789185804989795, 0.4926700848998305, 0.1967519075180032, 0.20012359385922693, 0.48346334700425003, 0.24752073845882974, 0.608652710820393, 0.2768586425641266, 0.6612944986417832, 0.2544545045444199, 0.32016884172807697, 0.0, 0.4854426648178834, 0.6102663986290001, 0.6074483944864031, 0.6438232318230441, 0.6372801027143209, 0.6854950385810915, 0.08480024638028566, 0.41022041291005623, 0.35413831410727914, 0.7947001169334591, 0.28577145120816605, 0.7861965235028144, 0.14770910156220673, 0.7037459827652012, 0.029499814149791602, 0.545520070102159, 0.0, 0.2701629133864196
1.0, 1.0, 0.7584717434664293, 0.9628893788110182, 0.5159575032694503, 0.915632606232178, 0.04384851161193541, 0.6929903434113673, 0.4175364107672537, 0.373439353318471, 0.5612183992825581, 0.4272574429710843, 0.6776252563507627, 0.49249131283383624, 0.17989783619770297, 0.2097360359941829, 0.4540800426763632, 0.2094922837264635, 0.5864890843679221, 0.23966993179052948, 0.6619115726521082, 0.23000687446081938, 0.3143866248068155, 0.0, 0.4007342257810051, 0.5647978208723685, 0.5322743172031378, 0.6038187659254912, 0.6059064667300824, 0.7003026174112628, 0.0874414549518961, 0.4302306913802259, 0.39471072565694065, 0.7784265423579106, 0.275945418891095, 0.7524164994116426, 0.11945852549717646, 0.6413971915269477, 0.025980234057715608, 0.430308609777024, 0.0, 0.15692941534151486
1.0, 0.6458219041150571, 0.7989768817457603, 0.7249791833967985, 0.5833342080785282, 0.7719866746814235, 0.14631622828099225, 0.8679560956466542, 0.35380822965161624, 0.32718584430594383, 0.49964721322862105, 0.2850245659477394, 0.5571699690128634, 0.23048708495530068, 0.05863990711263862, 0.2891027354059961, 0.3083909709045101, 0.12828412627146196, 0.42540860568626687, 0.08559342969440487, 0.45676142638962225, 0.0, 0.06935476271905959, 0.0656481957036685, 0.403964573063723, 0.504809863805228, 0.5730017992084655, 0.4624035654449099, 0.5954864124404878, 0.44856094502330046, 0.06849393207566945, 0.5372901595524481, 0.8717099510931996, 0.7771267096708183, 0.5517122099700935, 0.9861839682874112, 0.3155764127358669, 1.0, 0.06713095700460556, 0.8808344546588467, 0.0, 0.6049210651908026
1.0, 0.6485913980039445, 0.8152516970240281, 0.6954252969342163, 0.6034007356335044, 0.7202248043186058, 0.15179380927275674, 0.8127158576185858, 0.384606345813392, 0.3261329841633971, 0.5229806080771985, 0.2710187727843908, 0.5710876749591258, 0.20310470788034626, 0.0777223670741439, 0.2681216824707493, 0.32751462138260534, 0.14306734740994245, 0.44095053859614214, 0.08963672939853384, 0.4742856908410962, 0.0, 0.08549456275347661, 0.06374500794018582, 0.5099463147551342, 0.4976169419141912, 0.6568521204338309, 0.4477924011436006, 0.6208160075163446, 0.41276938245634903, 0.08945853189215358, 0.502020545919934, 0.843261568380478, 0.812067010958559, 0.544435012544336, 0.990572010786491, 0.2738720457216942, 1.0, 0.05114158585844081, 0.9274811953078563, 0.0, 0.6540822043947166
0.8399608865190454, 0.6320929207099252, 0.7486199301631606, 0.6815564844580966, 0.6184458550672558, 0.6773609302796738, 0.13254079812755698, 0.7424221117205586, 0.40100365524032405, 0.29148852494182775, 0.540841849382142, 0.24941082883199608, 0.6170515437235006, 0.18357918132766854, 0.050230393274625876, 0.19193990007180292, 0.36512702546541004, 0.13509523568336407, 0.48109581574154847, 0.09484478952213823, 0.5281277341100287, 0.0, 0.09523036375441546, 0.0037394120503752523, 0.49912388802553354, 0.45260769691426256, 0.6597388849626122, 0.41709654064908636, 0.6620467271421421, 0.3934647435801943, 0.058903750231574084, 0.4204760443449996, 1.0, 0.6812838717558344, 0.7370527947421474, 0.8216877556675138, 0.4073752336285301, 1.0, 0.08823144100274251, 0.9696282635315709, 0.0, 0.6185096576401572
1.0, 0.9352494600392425, 0.7992115528605802, 0.9146042247327046, 0.6194694510625369, 0.9050861069083651, 0.15293917465067017, 0.8310342877623677, 0.44452470354151186, 0.388695668800744, 0.5625364555126297, 0.3936113559981921, 0.6737070850398047, 0.38680921332324947, 0.22690310811271158, 0.22439869994454953, 0.42523552259911557, 0.17938617171586083, 0.5248225976555847, 0.18007940443823536, 0.6152272286441087, 0.13478372481590073, 0.2652237177914025, 0.0, 0.44441086153544535, 0.6402028600731718, 0.5774059595508055, 0.6229607302376804, 0.6767041713796678, 0.631196937083028, 0.177970685422731, 0.5009420072586023, 0.5377362786490795, 0.9014889450942597, 0.4492282033402461, 1.0, 0.2720179129962034, 0.9411663477823266, 0.06533575222973907, 0.7554385612329128, 0.0, 0.4337773575709841
1.0, 0.9304441501048125, 0.7900587278167529, 0.9112412452771351, 0.6017051475598766, 0.8918855708307675, 0.11146522687476257, 0.7784238112712479, 0.4165222173366936, 0.3824796084057939, 0.539587822700824, 0.39604263689811525, 0.6537472554927521, 0.3818378185128429, 0.19962251936083356, 0.21339986423978216, 0.3995233397273515, 0.18244866074592522, 0.5022801768805537, 0.1900493430118924, 0.6019859703869717, 0.1627071248915257, 0.2429511939293274, 0.0, 0.4072064289153484, 0.6350790543403109, 0.5461506827921535, 0.632298883521828, 0.6643641236319344, 0.6200158911902328, 0.14606677819121638, 0.4675242502082864, 0.5670810799808269, 0.9660300215924894, 0.40047100418748444, 1.0, 0.21127225349781134, 0.8891727288906248, 0.043801516083006115, 0.7163272923711262, 0.0, 0.42810181386360663
1.0, 0.8097328708429098, 0.7751320829977949, 0.7883325403844891, 0.5503561725282416, 0.7988472828687616, 0.056383070797992034, 0.6774786359628617, 0.43541103777347956, 0.3323842028077613, 0.5596962467355555, 0.3461405752095638, 0.6239647853933514, 0.33405988776247725, 0.14469635962700664, 0.1807462388251835, 0.42918018228206306, 0.1652790921922576, 0.5308569966358347, 0.17426297899012375, 0.5902753422492493, 0.1405284238619464, 0.22672667474467717, 0.0, 0.4294434075155602, 0.5410191921141323, 0.5810910582444627, 0.5333611295444483, 0.6043854565706588, 0.5419838032028254, 0.07496707332676054, 0.40052241740345546, 0.5814363179324307, 1.0, 0.42594508959818167, 0.9936784260464259, 0.21029927523688388, 0.8399247851039829, 0.040788057589692256, 0.6794078581402477, 0.0, 0.4237415420223326
1.0, 0.8598431464289994, 0.7754526550543859, 0.8525803239776559, 0.5788191604095663, 0.8320296675206409, 0.10800613734841379, 0.7582955796849234, 0.37343182260516833, 0.3719605697852892, 0.5084083063464632, 0.40059283688712133, 0.6419911188441766, 0.3814122955169207, 0.1789225836568587, 0.21111647618667229, 0.38176659491305426, 0.16471372368894036, 0.49603958838498763, 0.1739386422380591, 0.5932788425376487, 0.1317218373949412, 0.21399575917126773, 0.0, 0.3708091085625815, 0.6052492311379158, 0.5179644387926077, 0.6147597983555766, 0.6580043447275729, 0.5805746780479176, 0.13435674910771384, 0.4469499426562972, 0.6728959021419259, 0.9261318248991492, 0.4820439755501151, 1.0, 0.24593349449848323, 0.976793987755265, 0.02525308879546123, 0.7685208034965394, 0.0, 0.43048217209957834
1.0, 0.8846369501166177, 0.8073021905084166, 0.8703198352428505, 0.6080166807346068, 0.8475012116586434, 0.11375714397266233, 0.7630844920485346, 0.40310802318793154, 0.3809053257549593, 0.5317620002007936, 0.4084305858174112, 0.6685209699070028, 0.3919971545564761, 0.20621511677629745, 0.20380382642510245, 0.4047013568435261, 0.18686014829849015, 0.5128333079242785, 0.2010013772401472, 0.6202786567658115, 0.14945791600398534, 0.24654188961562917, 0.0, 0.40365295445333965, 0.629749097829532, 0.5509160274120319, 0.634392131112125, 0.6866730747063395, 0.599018805226406, 0.15631384025017384, 0.44874435210729113, 0.5977085370705715, 0.9453641442847377, 0.4291875671635686, 1.0, 0.2353956189831668, 0.966033406246047, 0.04769496491691239, 0.8057657895821518, 0.0, 0.47132135461304386
1.0, 0.8530045424430049, 0.7804002497345874, 0.8307376516162068, 0.5984929018227426, 0.7978221331573826, 0.13220411631012977, 0.7260071374437983, 0.4029372319368266, 0.3689783350458568, 0.5314825835849567, 0.3919486202099561, 0.6635883217098755, 0.36581272006607685, 0.22158260951786346, 0.19041797148699469, 0.3974862809361154, 0.18511119146012545, 0.5049164758778776, 0.19274979521215205, 0.6032253096827077, 0.13324488132518675, 0.2539281748865175, 0.0, 0.40671644904114296, 0.5969495973356812, 0.547086649975979, 0.6032828700667918, 0.674879043499844, 0.565852486018931, 0.17975936626372166, 0.4234161541012384, 0.5844216927027025, 0.9617160779058596, 0.3971934059501073, 1.0, 0.2046817239751461, 0.9709388509954766, 0.03900138841862803, 0.7861279469533083, 0.0, 0.48194598503465563
1.0, 0.853330072540597, 0.822357099830618, 0.8386640912665543, 0.6375096209803075, 0.8241910121329666, 0.17631877004267976, 0.7864927320325564, 0.41165659366084023, 0.35466539606530206, 0.5420574752505737, 0.3686695857263976, 0.6657584988207815, 0.34127061822246096, 0.22530977333513813, 0.1994127683154983, 0.40784887560093047, 0.15759960379200813, 0.5180037894394324, 0.15984868380413136, 0.5959250846333389, 0.0892331345188988, 0.23687734513968, 0.0, 0.4027796028959933, 0.5885288972102521, 0.5525774017540237, 0.5879429659896187, 0.6937494998078274, 0.5656584338874875, 0.19817869120415976, 0.4501974718259922, 0.6058452745466324, 0.9183424287535451, 0.42982538476510973, 0.9957940831061435, 0.23434254411489122, 1.0, 0.05457421830872964, 0.889102221156163, 0.0, 0.5454907679708754
1.0, 0.9777620179139058, 0.7593144204634231, 0.9512544793487628, 0.5465103459041101, 0.9567958742886253, 0.10104125858811958, 0.8707112525428046, 0.4047136434692404, 0.40547222018681545, 0.5448863037915407, 0.4157847539891065, 0.5988939918966493, 0.38405465241649306, 0.1234210438576617, 0.2231509492555645, 0.39921542834323837, 0.17777344526907496, 0.5008823968459523, 0.16913357967570736, 0.5089054263048979, 0.06482537954520871, 0.13665756485749422, 0.0, 0.4067516050984276, 0.6527628029993754, 0.5639690354102936, 0.6527776323915797, 0.6196428206086075, 0.6273679050081474, 0.08844276089811252, 0.523604903120453, 0.6910175107846398, 1.0, 0.43274612961572356, 0.9780402870970331, 0.2495507505109112, 0.9339882690784492, 0.06777036995501254, 0.8315804119430691, 0.0, 0.6180698760960666
0.5673569593734175, 1.0, 0.6308368934227295, 0.9576732482549916, 0.5253733185302972, 0.940610754028408, 0.04015658443569885, 0.8451966665091615, 0.38797781992483904, 0.40939982436043315, 0.5217918269493115, 0.4193545778030921, 0.5781740553502317, 0.3750300643344831, 0.06342098029486057, 0.2246462412238749, 0.41419653325404837, 0.20776466511630481, 0.5079254551194144, 0.18178993150227168, 0.4959258161856615, 0.044901323000993136, 0.0966610041823507, 0.0, 0.37885365546426336, 0.6286857809852077, 0.5231563309753532, 0.6389734237668515, 0.605074510711887, 0.6203448171641489, 0.043969097217087, 0.5063838554630248, 1.0, 0.9465125159154734, 0.6157537079412645, 0.8791254120144104, 0.28395687808251385, 0.8513057392761317, 0.07579973878794957, 0.7369276016770471, 0.0, 0.551489935205772
1.0, 0.8105004870658501, 0.7598318579742204, 0.8126226777582056, 0.5395129483010882, 0.8104397340196923, 0.07978191082082314, 0.7274257302689728, 0.3778045756249485, 0.33596573389332596, 0.5109363547616714, 0.35720187438769607, 0.6127914630093309, 0.343660193979269, 0.14417219046797186, 0.1938529026416813, 0.3833477499882367, 0.14111543981386657, 0.4917043945349006, 0.1444721324041473, 0.5408239308908154, 0.08264636103139926, 0.16881565025684955, 0.0, 0.3692823518756127, 0.5614786111089896, 0.5156727419956878, 0.5623055468572623, 0.6295377823917686, 0.5476439274379503, 0.10642783188698732, 0.44394993393540183, 0.5932589569086774, 0.9979472413603961, 0.35273298675087406, 1.0, 0.12567188090200215, 0.9096997966335175, 0.012580987906934184, 0.745738087021969, 0.0, 0.533570744665709
